,year,title_status,drive,condition
0,2012.0,0,0,0
24,2008.0,0,1,2
48,2004.0,0,0,2
112,2011.0,0,1,0
135,2016.0,0,0,2
136,2018.0,0,0,2
137,2010.0,0,2,2
138,2018.0,0,0,2
139,2011.0,0,0,2
170,2004.0,0,1,3
171,1950.0,0,1,3
172,2004.0,0,0,0
173,1955.0,0,1,2
177,2007.0,0,0,0
180,2008.0,3,2,0
182,2006.0,3,1,2
192,2013.0,0,1,0
198,2013.0,0,0,0
200,2008.0,0,0,0
203,2012.0,0,0,0
273,2017.0,0,1,3
277,1998.0,0,0,1
278,1977.0,0,0,1
309,2002.0,0,0,0
313,1999.0,0,0,0
324,1991.0,0,2,0
359,2005.0,0,2,0
362,1998.0,0,1,0
367,2009.0,0,1,0
395,2008.0,0,0,2
399,2017.0,0,2,2
421,2014.0,1,1,0
427,2020.0,0,0,4
439,2004.0,0,2,0
443,1992.0,0,0,2
444,1964.0,0,2,2
449,2005.0,0,0,0
453,1995.0,0,0,3
454,2009.0,0,0,0
455,2013.0,0,1,0
456,2010.0,0,1,0
458,2001.0,3,0,2
476,2002.0,0,0,0
484,2014.0,0,0,0
494,2006.0,0,1,2
554,2011.0,0,1,0
566,2010.0,1,0,0
569,2009.0,0,2,1
582,2008.0,0,0,2
583,2005.0,0,0,2
593,2010.0,0,1,0
635,2018.0,0,0,4
637,2014.0,0,1,0
648,2008.0,0,1,0
654,2002.0,0,0,2
664,2002.0,0,1,0
681,2008.0,0,1,2
711,2003.0,2,1,1
733,2014.0,0,1,2
736,2008.0,0,0,2
774,2012.0,0,2,2
792,2005.0,0,2,2
808,2013.0,0,1,2
816,2013.0,0,0,0
819,2015.0,0,0,2
864,2015.0,0,0,2
872,2009.0,0,0,2
877,2014.0,0,0,0
878,2015.0,0,1,0
879,2013.0,0,0,0
881,2014.0,0,0,0
882,2013.0,0,0,0
884,2013.0,0,0,0
888,2017.0,0,1,2
890,2012.0,0,0,2
892,1993.0,0,0,1
906,2013.0,0,0,2
929,2014.0,0,0,2
1004,2009.0,0,2,2
1006,1998.0,0,2,2
1008,2014.0,0,0,2
1010,2013.0,0,0,2
1013,2006.0,0,2,2
1014,1999.0,0,0,2
1015,2006.0,0,2,2
1017,2013.0,0,2,2
1019,2010.0,0,1,2
1020,2016.0,0,2,2
1021,2011.0,0,0,2
1022,2009.0,0,2,2
1027,2005.0,0,0,2
1028,2006.0,0,2,2
1030,2003.0,0,2,2
1031,2016.0,0,2,2
1032,2013.0,0,2,2
1033,2015.0,0,2,2
1034,2015.0,0,2,2
1035,2016.0,0,2,2
1037,2018.0,0,2,2
1038,2015.0,0,2,2
1040,2015.0,0,1,2
1041,2012.0,0,0,2
1047,2008.0,0,2,2
1048,2012.0,0,2,2
1049,2015.0,0,0,2
1050,2014.0,0,0,2
1068,2006.0,0,0,2
1083,2014.0,0,0,0
1092,2010.0,0,0,0
1093,2015.0,0,0,3
1094,1974.0,0,2,1
1098,2008.0,0,0,0
1100,2011.0,0,1,0
1122,2011.0,0,0,0
1139,2014.0,0,1,0
1169,2012.0,0,0,0
1173,2009.0,0,1,0
1178,2014.0,0,1,0
1181,2017.0,0,0,0
1182,2008.0,0,0,2
1188,2011.0,0,0,2
1189,2010.0,0,0,2
1190,2011.0,0,1,2
1191,2007.0,0,0,2
1192,2008.0,0,1,2
1193,2015.0,0,0,2
1206,2008.0,0,0,2
1207,2016.0,0,0,0
1209,2017.0,0,0,3
1212,2015.0,0,0,0
1215,2010.0,0,0,2
1221,2016.0,0,0,0
1227,2016.0,0,0,3
1236,2005.0,0,0,2
1239,2004.0,0,1,2
1246,2012.0,0,0,2
1266,2015.0,0,0,2
1269,2014.0,0,0,2
1272,2016.0,0,2,0
1276,2007.0,0,1,2
1277,2016.0,0,0,3
1280,2015.0,0,0,0
1310,2009.0,0,0,0
1311,2017.0,0,0,0
1313,2012.0,0,0,0
1316,2016.0,0,1,0
1319,2019.0,0,0,0
1320,2016.0,0,1,0
1321,2016.0,0,0,0
1322,2016.0,0,0,0
1323,2017.0,0,1,0
1325,2016.0,0,0,0
1327,2010.0,0,0,0
1328,2006.0,0,0,0
1329,2007.0,0,0,0
1331,2011.0,0,0,0
1332,2016.0,0,1,0
1334,2014.0,0,0,0
1335,2013.0,0,1,0
1336,2014.0,0,2,0
1340,2012.0,0,1,0
1341,2014.0,0,0,0
1343,2014.0,0,0,0
1344,2016.0,0,0,0
1345,2015.0,0,0,0
1348,2016.0,0,0,0
1349,2019.0,0,1,0
1350,2013.0,0,0,0
1351,2013.0,0,1,0
1353,2019.0,0,1,0
1354,2017.0,0,0,3
1355,2018.0,0,1,0
1356,2016.0,0,0,0
1357,2018.0,0,1,0
1358,2016.0,0,0,0
1360,2016.0,0,0,0
1362,2013.0,0,0,0
1363,2016.0,0,0,0
1364,2016.0,0,0,0
1365,2016.0,0,0,0
1366,2019.0,0,0,0
1367,2014.0,0,2,0
1368,2017.0,0,0,0
1369,2019.0,0,0,0
1370,2015.0,0,1,0
1372,2017.0,0,0,0
1374,2017.0,0,2,0
1375,2018.0,0,1,0
1376,2019.0,0,0,0
1377,2018.0,0,1,0
1378,2015.0,0,0,0
1379,2016.0,0,0,0
1380,2016.0,0,0,0
1381,2016.0,0,1,0
1383,2016.0,0,0,0
1384,2010.0,0,1,0
1385,2019.0,0,1,0
1386,2019.0,0,1,0
1387,2009.0,0,0,0
1388,2014.0,0,0,0
1389,2019.0,0,1,0
1390,2019.0,0,1,0
1399,2015.0,0,0,0
1400,2017.0,0,0,2
1401,2018.0,0,0,2
1402,2018.0,0,0,2
1404,2016.0,0,0,2
1405,2019.0,0,0,2
1406,2015.0,0,0,2
1407,2013.0,0,0,2
1408,2015.0,0,0,2
1409,2014.0,0,0,2
1410,2018.0,0,0,2
1411,2014.0,0,0,2
1451,2006.0,0,0,1
1452,2013.0,0,0,2
1454,2006.0,0,0,2
1456,2013.0,0,0,2
1460,2014.0,0,2,2
1467,2009.0,0,1,0
1469,2013.0,0,0,2
1496,2006.0,1,0,2
1499,2013.0,0,0,0
1517,2019.0,0,0,0
1518,2017.0,0,0,3
1519,2013.0,0,1,0
1523,2004.0,0,0,2
1525,2005.0,0,2,0
1538,2009.0,0,0,0
1552,2010.0,0,0,0
1566,2011.0,0,0,2
1586,2007.0,0,0,0
1590,2008.0,0,0,0
1592,2011.0,0,1,0
1601,2008.0,0,0,2
1604,2012.0,0,0,0
1605,2018.0,0,0,3
1611,2006.0,0,0,2
1623,2012.0,0,0,0
1629,2010.0,0,0,2
1632,2017.0,0,0,0
1635,2014.0,0,0,0
1636,2004.0,0,0,0
1704,2011.0,0,0,2
1715,2013.0,0,1,2
1720,2019.0,0,1,0
1721,2019.0,0,1,0
1722,2014.0,0,0,0
1723,2009.0,0,0,0
1724,2019.0,0,1,0
1725,2019.0,0,1,0
1726,2010.0,0,1,0
1727,2016.0,0,0,0
1729,2016.0,0,1,0
1730,2016.0,0,0,0
1731,2016.0,0,0,0
1732,2015.0,0,0,0
1733,2018.0,0,1,0
1734,2019.0,0,0,0
1735,2018.0,0,1,0
1736,2017.0,0,2,0
1738,2015.0,0,1,0
1739,2019.0,0,0,0
1740,2017.0,0,0,0
1741,2014.0,0,2,0
1742,2019.0,0,0,0
1743,2016.0,0,0,0
1745,2016.0,0,0,0
1746,2016.0,0,0,0
1748,2013.0,0,0,0
1750,2016.0,0,0,0
1752,2016.0,0,0,0
1753,2018.0,0,1,0
1754,2016.0,0,0,0
1755,2018.0,0,1,0
1756,2019.0,0,1,0
1757,2013.0,0,1,0
1759,2013.0,0,0,0
1760,2019.0,0,1,0
1761,2016.0,0,0,0
1764,2015.0,0,0,0
1765,2016.0,0,0,0
1766,2017.0,0,0,0
1767,2014.0,0,0,0
1769,2014.0,0,0,0
1770,2012.0,0,1,0
1771,2016.0,0,0,0
1774,2014.0,0,2,0
1775,2013.0,0,1,0
1776,2014.0,0,0,0
1777,2016.0,0,1,0
1778,2011.0,0,0,0
1779,2007.0,0,0,0
1780,2006.0,0,0,0
1781,2010.0,0,0,0
1782,2017.0,0,1,0
1783,2016.0,0,0,0
1784,2016.0,0,0,0
1785,2016.0,0,1,0
1787,2019.0,0,0,0
1789,2016.0,0,1,0
1790,2012.0,0,0,0
1791,2017.0,0,0,0
1793,2009.0,0,0,0
1823,2012.0,0,1,2
1827,2010.0,0,0,0
1830,2014.0,0,1,2
1837,2008.0,0,0,2
1892,2014.0,0,1,2
1912,2009.0,0,0,2
1949,2014.0,0,1,2
1967,2007.0,0,1,2
1968,2013.0,0,0,2
1971,2009.0,0,1,2
1972,2008.0,0,0,2
1973,2012.0,0,0,2
1977,2010.0,0,2,2
1979,2001.0,0,0,2
1980,2006.0,0,0,2
1983,2011.0,0,0,2
1984,2001.0,0,0,2
1986,2011.0,0,0,2
1988,2015.0,0,0,2
1989,2006.0,0,2,2
1990,2011.0,0,0,2
1991,2006.0,0,2,2
1992,2006.0,0,2,2
1995,2012.0,0,2,2
1996,2012.0,0,2,2
1997,2012.0,0,2,2
1999,2008.0,0,2,2
2000,2016.0,0,2,2
2002,2010.0,0,0,2
2004,2008.0,0,0,2
2007,2012.0,0,0,2
2009,2007.0,0,0,0
2043,2011.0,0,1,3
2046,2008.0,0,1,0
2047,2007.0,0,1,0
2053,2013.0,0,1,2
2061,2013.0,0,0,0
2062,2007.0,0,1,0
2072,2013.0,0,0,0
2080,2012.0,0,1,0
2081,2006.0,0,0,0
2088,2010.0,0,1,0
2089,2010.0,0,1,0
2093,2008.0,0,1,0
2094,2013.0,0,0,0
2096,2005.0,0,1,0
2097,2005.0,0,0,0
2098,2009.0,0,0,0
2099,2010.0,0,1,0
2102,2012.0,0,1,0
2120,2011.0,3,0,5
2122,2009.0,0,0,2
2124,2014.0,0,0,2
2125,2014.0,0,1,2
2126,2008.0,0,1,2
2127,2013.0,0,0,2
2128,2008.0,0,0,2
2129,2003.0,0,1,2
2130,2013.0,0,0,2
2131,2010.0,0,0,2
2132,2003.0,4,1,2
2133,2010.0,0,0,2
2134,2006.0,0,0,2
2135,2014.0,0,0,2
2136,2012.0,0,0,2
2137,2014.0,0,0,2
2138,2009.0,0,1,2
2139,2009.0,0,0,2
2140,2009.0,0,1,2
2141,2016.0,0,0,2
2142,2017.0,0,0,2
2143,2005.0,0,2,2
2144,2010.0,0,1,2
2145,2007.0,0,2,2
2146,2005.0,0,0,2
2147,2012.0,0,0,2
2148,2010.0,0,0,2
2149,2009.0,0,0,2
2150,2011.0,3,0,5
2151,2015.0,0,1,2
2152,2009.0,0,1,2
2153,2007.0,0,2,2
2154,2012.0,0,0,2
2155,2011.0,0,0,2
2156,2006.0,0,0,2
2157,2013.0,0,1,2
2159,2011.0,0,0,2
2160,2011.0,0,0,2
2161,2013.0,0,0,2
2162,2010.0,0,1,2
2163,2008.0,0,0,2
2164,2008.0,0,0,2
2165,2010.0,0,1,2
2166,2012.0,0,0,2
2167,2002.0,0,1,2
2168,2012.0,0,1,2
2169,2011.0,0,0,2
2170,2011.0,0,1,2
2172,2016.0,0,1,2
2173,2013.0,3,1,5
2174,2017.0,0,0,0
2175,2006.0,0,2,2
2176,2008.0,0,1,2
2178,2012.0,0,0,2
2179,2010.0,0,0,2
2180,2007.0,0,0,2
2181,2012.0,0,1,2
2182,2011.0,0,0,2
2183,2006.0,0,0,2
2184,1991.0,0,0,2
2185,1990.0,0,0,2
2186,2010.0,0,0,2
2188,2012.0,0,0,2
2189,2011.0,0,0,2
2190,2001.0,0,1,2
2191,2005.0,0,2,2
2192,2009.0,0,0,2
2193,2008.0,0,0,2
2194,2008.0,0,0,2
2195,2001.0,0,2,2
2196,2010.0,0,0,2
2197,2015.0,0,2,2
2198,2010.0,0,0,2
2199,2013.0,0,0,2
2200,2007.0,0,1,2
2201,2010.0,0,1,2
2203,2017.0,0,0,0
2204,2012.0,0,0,2
2205,2007.0,0,0,2
2206,2010.0,0,0,2
2207,2008.0,0,0,2
2208,2008.0,0,0,2
2213,2008.0,0,1,2
2216,2016.0,0,0,0
2217,2016.0,0,0,4
2218,2016.0,0,0,0
2220,2016.0,0,0,0
2221,2016.0,0,0,0
2257,2011.0,0,0,0
2274,2011.0,0,0,0
2288,2005.0,0,0,0
2290,2013.0,0,1,0
2291,2017.0,0,0,3
2292,2019.0,0,0,0
2296,2007.0,0,0,1
2302,2005.0,0,0,2
2312,2014.0,0,2,2
2315,2013.0,0,1,2
2317,2009.0,0,1,2
2339,2008.0,4,1,2
2374,2009.0,0,0,2
2380,2008.0,0,0,2
2384,2009.0,0,0,0
2385,2017.0,0,0,0
2386,2012.0,0,0,0
2387,2016.0,0,1,0
2390,2019.0,0,0,0
2391,2016.0,0,1,0
2392,2016.0,0,0,0
2393,2016.0,0,0,0
2394,2017.0,0,1,0
2395,2010.0,0,0,0
2396,2006.0,0,0,0
2397,2007.0,0,0,0
2398,2011.0,0,0,0
2399,2016.0,0,1,0
2400,2014.0,0,0,0
2401,2013.0,0,1,0
2403,2014.0,0,2,0
2405,2016.0,0,0,0
2406,2012.0,0,1,0
2407,2014.0,0,0,0
2409,2014.0,0,0,0
2411,2017.0,0,0,0
2412,2016.0,0,0,0
2413,2015.0,0,0,0
2417,2016.0,0,0,0
2418,2019.0,0,1,0
2419,2013.0,0,0,0
2420,2013.0,0,1,0
2421,2019.0,0,1,0
2422,2018.0,0,1,0
2423,2016.0,0,0,0
2424,2018.0,0,1,0
2425,2016.0,0,0,0
2427,2016.0,0,0,0
2429,2013.0,0,0,0
2431,2016.0,0,0,0
2433,2016.0,0,0,0
2434,2016.0,0,0,0
2439,2019.0,0,0,0
2441,2014.0,0,2,0
2442,2017.0,0,0,0
2443,2009.0,0,0,0
2444,2019.0,0,0,0
2445,2015.0,0,1,0
2447,2017.0,0,2,0
2448,2018.0,0,1,0
2449,2019.0,0,0,0
2450,2018.0,0,1,0
2451,2015.0,0,0,0
2452,2015.0,0,0,0
2453,2016.0,0,0,0
2455,2016.0,0,0,0
2456,2016.0,0,1,0
2458,2016.0,0,0,0
2459,2010.0,0,1,0
2460,2019.0,0,1,0
2461,2019.0,0,1,0
2462,2009.0,0,0,0
2463,2014.0,0,0,0
2464,2019.0,0,1,0
2465,2019.0,0,1,0
2477,2013.0,0,1,2
2481,2007.0,0,2,2
2488,2015.0,0,1,0
2507,2009.0,0,0,3
2513,2006.0,1,0,2
2514,2003.0,0,0,2
2515,2013.0,0,1,2
2516,2008.0,0,2,2
2527,2014.0,0,1,2
2534,2009.0,0,0,2
2535,2008.0,0,0,2
2542,2016.0,0,0,0
2543,2011.0,0,0,0
2544,2011.0,0,2,2
2550,2011.0,0,2,0
2552,2010.0,0,0,0
2580,2009.0,0,2,2
2604,2013.0,0,1,2
2619,2012.0,0,0,0
2652,2007.0,0,1,0
2665,2006.0,0,0,1
2667,2014.0,0,0,2
2668,2014.0,0,1,2
2669,2008.0,0,1,2
2675,2015.0,0,0,2
2696,2000.0,0,0,2
2700,2006.0,0,2,2
2703,2012.0,0,0,2
2704,2013.0,0,2,2
2706,2003.0,0,2,2
2707,2015.0,0,2,2
2708,2015.0,0,2,2
2711,2007.0,0,2,2
2713,2006.0,0,2,2
2715,2014.0,0,2,2
2716,2010.0,0,0,2
2717,2003.0,0,1,2
2720,2004.0,0,0,2
2722,2012.0,0,0,2
2723,2015.0,0,2,2
2724,2015.0,0,2,2
2725,2004.0,0,2,2
2726,2013.0,0,0,2
2728,2004.0,0,2,2
2730,2005.0,0,2,2
2731,2006.0,0,0,2
2732,2010.0,0,0,2
2733,2003.0,4,1,2
2734,2010.0,0,0,2
2737,2013.0,0,0,2
2738,2008.0,0,0,2
2739,2014.0,0,1,2
2740,2009.0,0,0,2
2742,2014.0,0,1,2
2743,2013.0,0,0,2
2744,2006.0,0,0,2
2745,2014.0,0,0,2
2746,2012.0,0,0,2
2747,2014.0,0,0,2
2748,2009.0,0,1,2
2750,2009.0,0,0,2
2751,2009.0,0,1,2
2752,2016.0,0,0,2
2753,2017.0,0,0,2
2754,2005.0,0,2,2
2755,2010.0,0,1,2
2756,2007.0,0,2,2
2757,2005.0,0,0,2
2758,2012.0,0,0,2
2759,2010.0,0,0,2
2760,2009.0,0,0,2
2761,2011.0,3,0,5
2762,2015.0,0,1,2
2763,2009.0,0,1,2
2764,2007.0,0,2,2
2765,2012.0,0,0,2
2766,2011.0,0,0,2
2767,2006.0,0,0,2
2768,2013.0,0,1,2
2769,2011.0,0,0,2
2770,2013.0,0,0,0
2771,2011.0,0,0,2
2772,2013.0,0,0,2
2773,2010.0,0,1,2
2774,2008.0,0,0,2
2775,2008.0,0,0,2
2777,2010.0,0,1,2
2778,2012.0,0,0,2
2780,2002.0,0,1,2
2781,2012.0,0,1,2
2782,2011.0,0,0,2
2783,2011.0,0,1,2
2785,2016.0,0,1,2
2786,2013.0,3,1,5
2787,2017.0,0,0,0
2788,2006.0,0,2,2
2789,2008.0,0,1,2
2791,2012.0,0,0,2
2792,2010.0,0,0,2
2793,2007.0,0,0,2
2794,2009.0,0,0,0
2796,2012.0,0,1,2
2797,2011.0,0,0,2
2798,2006.0,0,0,2
2800,1991.0,0,0,2
2801,1990.0,0,0,2
2802,2010.0,0,0,2
2803,2012.0,0,0,2
2804,2011.0,0,0,2
2805,2001.0,0,1,2
2806,2005.0,0,2,2
2807,2009.0,0,0,2
2808,2008.0,0,0,2
2809,2008.0,0,0,2
2810,2001.0,0,2,2
2812,2010.0,0,0,2
2813,2015.0,0,2,2
2814,2010.0,0,0,2
2815,2013.0,0,0,2
2817,2007.0,0,1,2
2818,2010.0,0,1,2
2819,2017.0,0,0,0
2820,2012.0,0,0,2
2822,2007.0,0,0,2
2823,2010.0,0,0,2
2824,2008.0,0,0,2
2825,2008.0,0,0,2
2830,2016.0,0,0,0
2849,1956.0,2,2,2
2850,2008.0,0,0,0
2851,2011.0,0,0,0
2853,2012.0,0,0,2
2859,2005.0,0,0,0
2860,2013.0,0,1,0
2865,2008.0,0,0,2
2894,2019.0,0,1,0
2901,2010.0,0,1,2
2908,2019.0,0,1,0
2909,2010.0,0,1,0
2913,2014.0,0,0,2
2914,2012.0,0,0,2
2915,2012.0,0,0,2
2916,2012.0,0,0,2
2917,2009.0,0,0,2
2918,2015.0,0,0,2
2919,2016.0,0,0,2
2920,2011.0,0,0,2
2921,2012.0,0,0,2
2922,2013.0,0,0,2
2924,2012.0,0,0,2
2925,2014.0,0,0,2
2926,2008.0,0,0,2
2929,2014.0,0,0,2
2930,2015.0,0,0,2
2931,2013.0,0,0,2
2932,2012.0,0,1,0
2933,2013.0,0,0,0
2935,2015.0,0,0,2
2936,2016.0,0,0,2
2937,2012.0,0,0,0
2938,2016.0,0,0,2
2941,2015.0,0,0,2
2943,2019.0,0,1,0
2945,2019.0,0,1,0
2946,2014.0,0,0,0
2947,2009.0,0,0,0
2948,2009.0,0,0,0
2950,2016.0,0,0,0
2952,2014.0,0,1,0
2953,2016.0,0,1,0
2954,2016.0,0,0,0
2955,2016.0,0,0,0
2956,2015.0,0,0,0
2957,2016.0,0,0,0
2958,2015.0,0,0,0
2959,2018.0,0,1,0
2961,2019.0,0,0,0
2962,2018.0,0,1,0
2963,2010.0,0,1,0
2964,2017.0,0,2,0
2966,2015.0,0,1,0
2967,2019.0,0,0,0
2968,2009.0,0,0,0
2969,2017.0,0,0,0
2970,2014.0,0,2,0
2971,2019.0,0,0,0
2972,2016.0,0,0,0
2973,2016.0,0,0,0
2974,2016.0,0,0,0
2975,2013.0,0,0,0
2978,2016.0,0,0,0
2980,2016.0,0,0,0
2981,2018.0,0,1,0
2982,2016.0,0,0,0
2983,2018.0,0,1,0
2984,2019.0,0,1,0
2985,2013.0,0,1,0
2986,2013.0,0,0,0
2987,2019.0,0,1,0
2988,2016.0,0,0,0
2991,2015.0,0,0,0
2992,2016.0,0,0,0
2993,2017.0,0,0,0
2994,2014.0,0,0,0
2996,2014.0,0,0,0
2997,2012.0,0,1,0
2998,2016.0,0,0,0
3000,2014.0,0,2,0
3001,2013.0,0,1,0
3002,2014.0,0,0,0
3003,2016.0,0,1,0
3004,2008.0,0,1,2
3005,2011.0,0,0,0
3006,2007.0,0,0,0
3007,2006.0,0,0,0
3008,2010.0,0,0,0
3009,2017.0,0,1,0
3010,2016.0,0,0,0
3011,2016.0,0,0,0
3012,2016.0,0,1,0
3013,2019.0,0,0,0
3015,2016.0,0,1,0
3016,2012.0,0,0,0
3017,2017.0,0,0,0
3019,2009.0,0,0,0
3020,2006.0,0,1,3
3057,2014.0,0,1,0
3060,2005.0,0,0,1
3066,2011.0,0,0,2
3077,2006.0,0,1,2
3082,2005.0,0,0,2
3085,2014.0,0,1,0
3092,2014.0,0,0,2
3097,2006.0,0,0,2
3100,2014.0,0,0,2
3101,2008.0,0,1,2
3103,1987.0,2,0,2
3112,2008.0,0,0,0
3123,1999.0,0,1,2
3125,1999.0,0,1,2
3127,2003.0,0,0,2
3130,2013.0,0,0,2
3137,2004.0,0,1,2
3141,2008.0,0,0,2
3142,1959.0,0,2,2
3144,2013.0,0,1,2
3151,2019.0,0,0,0
3152,2017.0,0,0,3
3153,2013.0,0,1,0
3191,2016.0,0,0,0
3204,2016.0,0,0,0
3210,2016.0,0,0,2
3213,2012.0,0,0,0
3214,2018.0,0,2,0
3215,2019.0,0,1,0
3232,2015.0,0,0,0
3236,2017.0,0,0,3
3246,2016.0,0,0,0
3247,2016.0,0,0,0
3250,2010.0,0,0,2
3254,2013.0,0,1,2
3257,2016.0,0,0,3
3258,2017.0,0,0,3
3260,2016.0,0,0,0
3262,2016.0,0,0,3
3267,2009.0,0,0,0
3268,2017.0,0,0,0
3269,2012.0,0,0,0
3270,2016.0,0,1,0
3272,2019.0,0,0,0
3273,2016.0,0,1,0
3274,2016.0,0,0,0
3275,2016.0,0,0,0
3276,2017.0,0,1,0
3277,2008.0,0,0,0
3278,2010.0,0,0,0
3279,2006.0,0,0,0
3280,2007.0,0,0,0
3282,2011.0,0,0,0
3283,2016.0,0,1,0
3284,2014.0,0,0,0
3285,2013.0,0,1,0
3286,2014.0,0,2,0
3288,2016.0,0,0,0
3289,2014.0,0,0,2
3290,2012.0,0,1,0
3291,2014.0,0,0,0
3293,2014.0,0,0,0
3295,2017.0,0,0,0
3296,2016.0,0,0,0
3297,2015.0,0,0,0
3300,2016.0,0,0,0
3301,2019.0,0,1,0
3302,2019.0,0,1,0
3303,2013.0,0,0,0
3304,2013.0,0,0,0
3305,2013.0,0,1,0
3306,2019.0,0,1,0
3307,2018.0,0,1,0
3309,2016.0,0,0,0
3310,2018.0,0,1,0
3311,2016.0,0,0,0
3313,2016.0,0,0,0
3315,2013.0,0,0,0
3316,2016.0,0,0,0
3317,2016.0,0,0,0
3318,2016.0,0,0,0
3319,2019.0,0,0,0
3320,2014.0,0,2,0
3321,2017.0,0,0,0
3322,2009.0,0,0,0
3323,2019.0,0,0,0
3325,2005.0,0,0,2
3326,2015.0,0,1,0
3330,2013.0,0,0,2
3331,2014.0,0,0,2
3332,2017.0,0,2,0
3334,2018.0,0,1,0
3335,2019.0,0,0,0
3336,2018.0,0,1,0
3338,2015.0,0,0,0
3339,2016.0,0,0,0
3340,2015.0,0,0,0
3341,2016.0,0,0,0
3342,2016.0,0,0,0
3343,2016.0,0,1,0
3344,2014.0,0,1,0
3346,2016.0,0,0,0
3348,2019.0,0,1,0
3349,2014.0,0,0,0
3350,2009.0,0,0,0
3351,2011.0,0,0,2
3354,2013.0,0,1,2
3355,2009.0,0,0,2
3356,2012.0,0,0,0
3357,2013.0,0,0,0
3358,2016.0,0,1,2
3359,2011.0,0,0,2
3360,2010.0,0,0,2
3361,2012.0,0,0,2
3362,2011.0,0,1,2
3365,2011.0,0,0,2
3366,2008.0,0,1,2
3367,2006.0,0,0,2
3369,2010.0,0,0,2
3370,2007.0,0,0,2
3371,2013.0,0,0,2
3372,2009.0,0,1,2
3373,2007.0,0,0,2
3377,2004.0,0,1,2
3381,2013.0,0,0,2
3390,2010.0,0,0,2
3392,2012.0,0,1,0
3397,2014.0,0,1,0
3419,2006.0,0,0,2
3427,2010.0,0,0,2
3429,2010.0,0,0,0
3430,2016.0,0,0,0
3435,2006.0,0,0,0
3437,2013.0,0,0,0
3440,2007.0,0,1,0
3442,2009.0,0,0,2
3444,2011.0,0,0,0
3446,2012.0,0,0,0
3455,2010.0,0,0,2
3458,2012.0,0,0,2
3459,2013.0,0,0,2
3461,2012.0,0,0,2
3462,2013.0,0,0,2
3463,2013.0,0,0,2
3464,2002.0,0,0,2
3465,2013.0,0,0,2
3466,2012.0,0,0,2
3467,2014.0,0,0,2
3471,2013.0,0,0,2
3493,2007.0,0,0,2
3504,2006.0,0,0,0
3577,2008.0,0,0,2
3606,2005.0,0,0,0
3608,2012.0,3,0,2
3616,2013.0,3,0,2
3618,2016.0,3,0,2
3620,2014.0,3,0,2
3621,2015.0,3,0,2
3622,2013.0,3,0,2
3623,2016.0,3,0,2
3626,2010.0,3,1,2
3627,2015.0,3,0,2
3634,2008.0,0,1,1
3638,2016.0,0,0,0
3645,2008.0,0,0,1
3650,1997.0,0,1,0
3652,2004.0,0,1,2
3671,2004.0,0,2,0
3677,2002.0,0,1,0
3678,2010.0,0,1,2
3682,2008.0,0,1,2
3683,1991.0,0,2,0
3689,2007.0,0,1,0
3696,2015.0,0,1,2
3704,2017.0,0,2,0
3714,2016.0,0,2,0
3717,2009.0,0,1,2
3720,2004.0,0,1,0
3755,2012.0,0,1,0
3758,2016.0,0,0,0
3759,2014.0,1,0,2
3762,2019.0,0,0,0
3779,1995.0,0,1,1
3791,2016.0,0,0,3
3792,2001.0,0,1,2
3794,2004.0,0,0,2
3796,2003.0,0,0,2
3797,2016.0,0,0,3
3803,2014.0,0,1,3
3815,2001.0,0,1,2
3834,2002.0,0,1,0
3837,2011.0,0,0,3
3858,2008.0,0,0,0
3859,2010.0,0,0,0
3874,2008.0,0,1,0
3886,2009.0,0,1,2
3889,2006.0,0,1,2
3892,2006.0,0,1,2
3893,2007.0,0,0,0
3900,2000.0,0,0,2
3903,2016.0,0,0,0
3925,2009.0,0,1,0
3951,2010.0,0,0,0
4002,2010.0,0,0,0
4005,2009.0,0,1,2
4006,2006.0,0,0,0
4020,2011.0,0,0,0
4034,1988.0,0,2,0
4036,2003.0,0,0,0
4042,2011.0,0,0,2
4043,2005.0,0,1,0
4045,2005.0,0,1,0
4046,2009.0,0,0,0
4048,2010.0,0,1,0
4092,1997.0,0,1,0
4099,2009.0,0,0,2
4102,2008.0,0,1,0
4103,2003.0,0,0,0
4104,2000.0,0,1,0
4117,2012.0,0,1,0
4131,2010.0,0,1,3
4168,2007.0,0,1,2
4174,2006.0,0,2,1
4197,2011.0,0,0,2
4221,2003.0,0,2,0
4229,2011.0,0,0,0
4238,2001.0,4,0,5
4242,2009.0,0,1,0
4250,2011.0,0,0,0
4267,2015.0,0,1,3
4274,2014.0,0,0,0
4279,2004.0,0,1,0
4280,1993.0,0,0,2
4284,2012.0,0,1,0
4289,2008.0,0,1,0
4292,2007.0,0,1,0
4294,2010.0,0,0,0
4296,2008.0,0,1,0
4301,2007.0,0,1,0
4302,2013.0,0,1,0
4310,2002.0,0,1,0
4322,2010.0,0,2,0
4325,2005.0,4,1,1
4327,2004.0,0,0,0
4338,2009.0,0,1,2
4342,2009.0,0,1,0
4343,2006.0,0,1,2
4347,2006.0,0,1,2
4367,2010.0,0,0,0
4381,2016.0,0,0,0
4385,2011.0,0,0,0
4397,2010.0,0,0,0
4400,1999.0,0,0,1
4404,2013.0,1,0,0
4416,1979.0,0,2,2
4427,2010.0,0,0,0
4439,2012.0,0,0,0
4444,2008.0,0,0,2
4446,2005.0,0,1,2
4453,2012.0,0,0,0
4458,2009.0,0,0,0
4460,2016.0,0,0,2
4461,2005.0,0,1,0
4462,2008.0,0,1,0
4469,2013.0,0,0,2
4470,2006.0,0,0,2
4471,2016.0,0,0,2
4472,2006.0,0,0,2
4473,2013.0,0,0,2
4479,2007.0,0,1,2
4492,2004.0,0,0,0
4493,2012.0,0,1,0
4494,2014.0,0,2,0
4497,2003.0,0,2,2
4512,2012.0,0,0,0
4527,2016.0,0,0,3
4528,2012.0,0,1,0
4529,2009.0,0,1,2
4532,2006.0,0,1,2
4536,2006.0,0,1,2
4537,2014.0,0,0,0
4540,2013.0,0,0,0
4545,2001.0,0,2,2
4546,2005.0,0,2,0
4547,2011.0,0,1,0
4548,1995.0,0,0,2
4550,1995.0,0,1,2
4555,2009.0,0,1,2
4561,2003.0,0,2,2
4592,2003.0,0,2,2
4593,2017.0,4,2,2
4594,2006.0,0,2,2
4597,2014.0,3,0,0
4598,2007.0,0,0,0
4599,2012.0,0,1,0
4600,2007.0,0,0,0
4601,2004.0,0,0,0
4603,2008.0,0,1,2
4605,2003.0,0,0,0
4606,2005.0,0,2,0
4609,2003.0,0,0,2
4610,2003.0,0,0,2
4611,2004.0,0,0,3
4612,2005.0,0,0,0
4628,2015.0,1,0,0
4629,2016.0,3,0,0
4630,2003.0,3,2,2
4631,2003.0,3,1,2
4632,2006.0,0,1,2
4634,2017.0,0,0,0
4635,2003.0,0,0,0
4636,2013.0,0,0,0
4638,2008.0,0,0,0
4667,2001.0,0,2,2
4677,2006.0,0,0,0
4679,2007.0,0,1,0
4680,2012.0,0,1,0
4684,2008.0,0,0,2
4685,2003.0,0,2,2
4687,2003.0,0,2,2
4688,2006.0,0,2,2
4691,2014.0,0,2,2
4692,2017.0,4,2,2
4693,2017.0,4,2,2
4694,2003.0,0,2,2
4695,2006.0,0,2,2
4698,2004.0,0,2,1
4739,2003.0,0,2,2
4755,2006.0,0,0,0
4763,2003.0,0,2,2
4765,2006.0,0,2,2
4766,2003.0,0,2,2
4767,2017.0,4,2,2
4782,2001.0,0,1,2
4832,2017.0,0,2,0
4834,2003.0,0,0,0
4835,2011.0,0,0,0
4836,2010.0,0,1,0
4838,2011.0,0,0,0
4839,2011.0,0,0,0
4840,2013.0,0,0,0
4841,2014.0,0,0,0
4842,2006.0,0,0,0
4846,2004.0,0,2,0
4848,2003.0,0,0,0
4849,2013.0,0,0,0
4850,2005.0,0,0,0
4851,2001.0,0,0,0
4852,2008.0,0,2,0
4853,2008.0,0,0,2
4881,2015.0,0,2,3
4884,2001.0,0,0,3
4911,2013.0,0,0,0
4914,2002.0,0,1,0
4937,2005.0,0,1,0
4946,2010.0,0,1,0
4950,2007.0,0,0,0
4954,2008.0,0,1,2
4957,2006.0,0,1,0
4959,2013.0,0,2,0
4961,2002.0,0,1,0
4963,2007.0,0,0,0
4964,2003.0,0,0,0
4969,2003.0,0,0,0
4970,2006.0,0,0,0
4971,2008.0,0,0,0
4973,2016.0,0,1,3
4975,2008.0,0,0,0
5009,2010.0,0,1,2
5018,2008.0,0,1,2
5021,2014.0,0,0,2
5056,2016.0,0,2,2
5068,2012.0,0,2,2
5069,2009.0,0,2,2
5071,2006.0,0,2,2
5073,2013.0,0,2,2
5075,2015.0,0,0,2
5076,2013.0,0,0,2
5078,2009.0,0,2,2
5079,2005.0,0,0,2
5080,1998.0,0,2,2
5081,2006.0,0,2,2
5082,2011.0,0,0,2
5087,2016.0,0,2,2
5088,2013.0,0,2,2
5089,2015.0,0,2,2
5090,2006.0,0,2,2
5092,2005.0,0,2,2
5093,2012.0,0,2,2
5094,2016.0,0,2,2
5097,1999.0,0,0,2
5098,2015.0,0,2,2
5099,2015.0,0,1,2
5100,2012.0,0,0,2
5101,2015.0,0,0,2
5104,2013.0,0,0,2
5105,2015.0,0,0,2
5107,2014.0,0,0,2
5109,2008.0,0,2,2
5110,2010.0,0,1,2
5113,2003.0,0,2,2
5114,2015.0,0,2,2
5115,2018.0,0,2,2
5119,2009.0,0,1,2
5138,2011.0,0,1,0
5150,2000.0,0,0,2
5190,2016.0,0,2,0
5194,2019.0,0,0,0
5196,2016.0,0,0,0
5199,1998.0,0,2,2
5245,2000.0,0,1,2
5252,2009.0,0,1,0
5253,2001.0,0,2,2
5263,2014.0,0,1,3
5267,2005.0,0,1,0
5269,2005.0,0,1,0
5270,2008.0,0,1,2
5315,2005.0,0,0,2
5322,2013.0,0,0,3
5324,2008.0,0,2,0
5340,2004.0,0,0,0
5342,2012.0,0,1,0
5354,2008.0,0,0,0
5355,2010.0,0,0,0
5376,1997.0,0,2,0
5384,2008.0,0,1,0
5406,2009.0,0,0,0
5410,2010.0,0,0,0
5411,2015.0,0,0,0
5413,2008.0,0,1,0
5420,2003.0,0,2,0
5421,2014.0,0,1,0
5424,2012.0,0,1,0
5436,2007.0,0,0,0
5450,2008.0,0,1,0
5468,2009.0,0,1,2
5470,2005.0,0,1,0
5471,2007.0,0,0,0
5494,2008.0,0,1,2
5495,2005.0,0,1,0
5503,2014.0,0,0,0
5525,2009.0,0,1,0
5556,2019.0,1,1,4
5567,2005.0,0,1,0
5573,2010.0,0,0,0
5575,2006.0,0,1,0
5583,2018.0,0,0,3
5590,2011.0,0,0,0
5593,2014.0,0,1,2
5594,2003.0,0,2,0
5603,2010.0,0,0,0
5605,2006.0,0,0,0
5611,2004.0,0,1,0
5617,2002.0,0,1,0
5621,2012.0,0,1,2
5622,2013.0,0,1,2
5623,2009.0,0,1,2
5624,2009.0,0,1,2
5625,2010.0,0,1,2
5633,2002.0,0,0,2
5634,2004.0,0,0,2
5643,2008.0,0,0,0
5644,2010.0,0,0,0
5645,2013.0,0,0,3
5646,2004.0,0,0,0
5666,2016.0,0,1,3
5674,2001.0,0,2,2
5683,2010.0,0,0,2
5689,2011.0,0,0,0
5693,2008.0,0,1,2
5713,2003.0,0,0,0
5718,2011.0,0,1,0
5720,2000.0,0,1,0
5721,2006.0,0,0,2
5725,2005.0,0,2,3
5727,2008.0,0,1,0
5737,2010.0,0,0,0
5738,2015.0,0,0,0
5740,2008.0,0,1,0
5751,2012.0,0,1,0
5753,2014.0,0,1,0
5764,2007.0,0,0,0
5770,2001.0,0,2,2
5777,2012.0,0,1,0
5794,2009.0,0,1,2
5810,2018.0,0,1,3
5831,2002.0,0,0,2
5833,2014.0,0,2,3
5854,2012.0,0,1,0
5862,2007.0,0,1,0
5871,2005.0,0,1,0
5932,2005.0,0,1,0
5937,2017.0,0,0,2
5949,2004.0,0,1,0
5983,2011.0,0,0,0
5994,2015.0,0,2,3
6001,2003.0,0,0,0
6011,2013.0,0,0,0
6017,2012.0,0,0,0
6030,2012.0,0,1,0
6031,2002.0,0,0,2
6034,2001.0,0,2,2
6039,2010.0,0,0,0
6065,2003.0,0,0,2
6099,2011.0,0,1,0
6102,2004.0,0,1,0
6111,2004.0,0,1,0
6116,2005.0,0,1,0
6131,2012.0,0,1,3
6141,2004.0,0,0,0
6142,2013.0,0,0,3
6143,2010.0,0,0,0
6153,2010.0,0,1,2
6155,2006.0,0,0,2
6156,1993.0,0,2,2
6159,2004.0,0,0,2
6162,2009.0,0,1,2
6164,2004.0,0,0,2
6165,2007.0,0,0,2
6166,2006.0,0,0,2
6168,2011.0,0,0,2
6172,2003.0,0,2,2
6177,2007.0,0,1,0
6187,2010.0,0,0,0
6189,2018.0,1,0,0
6192,2008.0,0,1,0
6195,2009.0,0,0,0
6199,2010.0,0,0,0
6200,2015.0,0,0,0
6207,2008.0,0,1,0
6213,2012.0,0,1,0
6214,2007.0,0,1,0
6216,2013.0,0,1,0
6217,2014.0,0,1,0
6219,2012.0,0,1,0
6220,2010.0,0,1,0
6221,2010.0,0,1,0
6224,2006.0,0,1,0
6226,2007.0,0,0,0
6227,2013.0,0,1,0
6251,2010.0,0,2,0
6267,2011.0,0,0,2
6302,2009.0,0,1,2
6313,2018.0,0,2,3
6319,2012.0,0,1,2
6330,2009.0,0,1,0
6334,2013.0,0,0,0
6340,2012.0,0,1,0
6346,2011.0,0,0,0
6351,2008.0,0,0,0
6409,2008.0,0,0,0
6411,2014.0,0,0,0
6421,2001.0,0,2,2
6432,2011.0,0,0,0
6436,2010.0,0,1,0
6453,1988.0,0,0,1
6502,2007.0,0,1,2
6534,2005.0,0,1,0
6535,2008.0,0,1,0
6600,2004.0,0,2,2
6619,2015.0,0,1,2
6622,2008.0,0,1,2
6628,2004.0,0,1,2
6631,2013.0,0,0,0
6644,2009.0,0,1,2
6651,2016.0,0,1,3
6655,2012.0,0,0,0
6663,2012.0,0,1,0
6664,2011.0,0,0,2
6667,2012.0,0,1,0
6681,2012.0,0,2,0
6685,1999.0,0,2,0
6694,2010.0,0,0,0
6695,2002.0,0,1,0
6701,2015.0,0,0,0
6704,2003.0,0,0,2
6705,2012.0,0,0,0
6726,2015.0,0,1,0
6742,2012.0,0,0,0
6749,2008.0,0,0,0
6759,2006.0,0,1,0
6761,2009.0,0,1,2
6771,2005.0,0,2,2
6773,2001.0,0,0,0
6785,1992.0,0,0,2
6789,2003.0,0,0,2
6791,2004.0,0,0,0
6808,2009.0,0,1,0
6809,2010.0,0,1,3
6810,2009.0,0,2,3
6820,2016.0,0,0,0
6821,2001.0,0,1,2
6822,2003.0,0,0,2
6823,2004.0,0,0,2
6828,2010.0,0,0,0
6829,2011.0,0,0,0
6839,2010.0,0,1,2
6845,2013.0,0,1,0
6865,2007.0,0,2,2
6866,2014.0,0,0,0
6870,1984.0,0,2,2
6873,2003.0,0,2,0
6879,1986.0,0,1,2
6898,2004.0,0,0,0
6899,2003.0,0,0,0
6908,2014.0,0,1,0
6926,2008.0,0,1,0
6927,2016.0,0,1,0
6933,2006.0,0,2,0
6935,2002.0,0,0,0
6936,2005.0,0,0,0
6937,2008.0,0,1,0
6939,2007.0,0,0,0
6947,2004.0,0,1,0
6949,2009.0,0,1,0
6950,2011.0,0,1,0
6955,2018.0,0,0,0
6966,2010.0,0,0,0
6967,2008.0,0,0,0
6968,2015.0,0,1,0
6972,2011.0,0,0,0
6995,2017.0,0,1,0
6996,2013.0,0,1,0
6999,2012.0,0,0,0
7000,2012.0,0,1,2
7004,2014.0,3,1,0
7009,2017.0,0,1,0
7018,2002.0,0,1,0
7020,2008.0,0,1,0
7021,1972.0,0,2,2
7031,2009.0,0,2,3
7036,2011.0,0,0,0
7039,2003.0,0,0,2
7045,2014.0,0,0,0
7048,2010.0,0,0,0
7049,2009.0,0,0,0
7050,2010.0,0,1,0
7051,2008.0,0,1,0
7052,2014.0,0,0,0
7054,2012.0,0,1,0
7059,2010.0,0,1,0
7071,2011.0,0,1,0
7073,2005.0,0,0,0
7075,2003.0,0,2,0
7078,2006.0,0,1,0
7081,2011.0,0,0,2
7086,1997.0,0,2,0
7087,2004.0,0,0,0
7088,2001.0,0,0,0
7090,2010.0,0,0,2
7093,2012.0,0,2,0
7094,2013.0,0,1,0
7096,2008.0,0,0,0
7113,2006.0,0,1,2
7116,1996.0,0,2,2
7118,2014.0,0,1,2
7119,2013.0,0,1,0
7125,2009.0,0,1,0
7128,2014.0,0,0,0
7129,2006.0,0,0,2
7131,2006.0,0,0,2
7144,2001.0,0,1,2
7147,2010.0,0,0,0
7149,2007.0,0,0,0
7150,2007.0,0,1,2
7151,2015.0,0,2,0
7157,2005.0,0,0,0
7159,2007.0,0,0,0
7165,2009.0,0,1,0
7167,2011.0,0,0,0
7170,1999.0,0,2,0
7174,2009.0,0,2,3
7187,2015.0,0,1,0
7190,1998.0,0,2,0
7201,2012.0,0,1,0
7210,2010.0,0,1,2
7218,2012.0,0,0,0
7222,2016.0,0,1,2
7223,2014.0,0,1,0
7224,2017.0,0,1,2
7225,2012.0,0,1,2
7227,2016.0,0,1,0
7228,2011.0,0,0,0
7237,2016.0,0,1,2
7259,2009.0,0,1,0
7260,2016.0,0,0,0
7263,2011.0,0,0,2
7276,2012.0,0,0,0
7277,2017.0,0,0,0
7278,2010.0,0,1,2
7279,2013.0,0,0,2
7280,2006.0,0,0,2
7281,2016.0,0,0,2
7283,2017.0,0,1,0
7285,2009.0,0,0,0
7286,2010.0,0,1,0
7287,2008.0,0,1,0
7288,2014.0,0,0,0
7301,1996.0,0,2,2
7304,2011.0,0,1,0
7306,2018.0,0,1,0
7311,2008.0,0,0,0
7316,2017.0,3,1,0
7317,2007.0,3,0,0
7319,2013.0,3,1,0
7320,2010.0,0,1,2
7321,2009.0,0,1,0
7322,2012.0,0,1,0
7323,2008.0,0,2,0
7324,2008.0,0,0,0
7325,2009.0,0,0,0
7326,2013.0,0,1,0
7327,2013.0,0,1,0
7328,2013.0,0,1,0
7331,2009.0,3,1,2
7332,2008.0,3,1,2
7361,2019.0,1,0,3
7384,2016.0,0,2,0
7391,2009.0,3,1,0
7397,2000.0,0,1,1
7412,2012.0,0,1,0
7417,2019.0,0,0,0
7419,2016.0,0,0,0
7421,2017.0,0,1,0
7434,2004.0,0,0,2
7436,2012.0,0,1,2
7437,2015.0,0,1,2
7443,2014.0,0,0,0
7445,1986.0,0,2,2
7454,2004.0,0,2,2
7455,2010.0,0,0,2
7456,2006.0,0,0,2
7458,2011.0,0,0,0
7459,2007.0,0,0,2
7460,2016.0,0,0,0
7461,2007.0,0,0,2
7462,2014.0,0,0,2
7464,2013.0,0,0,0
7467,2014.0,0,0,0
7468,2013.0,0,0,0
7469,2013.0,0,2,0
7470,2014.0,0,0,0
7473,2007.0,0,2,2
7474,2011.0,0,1,3
7475,2003.0,0,2,2
7476,2010.0,0,0,0
7477,2007.0,0,0,0
7479,2011.0,0,0,0
7480,2015.0,0,0,0
7481,2013.0,0,0,0
7482,2011.0,0,0,0
7485,2008.0,0,0,2
7486,2011.0,0,0,0
7488,2012.0,0,0,0
7489,2010.0,0,2,0
7491,2005.0,0,2,0
7492,2011.0,0,2,0
7494,2002.0,0,0,2
7498,2013.0,0,0,2
7499,2008.0,0,0,0
7500,2001.0,0,2,0
7501,2012.0,0,0,0
7504,2011.0,0,0,2
7505,2009.0,0,0,0
7506,2010.0,0,0,2
7507,2012.0,0,0,0
7508,2014.0,0,0,0
7509,2011.0,0,0,0
7510,2015.0,0,0,0
7511,2013.0,0,0,0
7513,2015.0,0,0,0
7515,2004.0,0,0,2
7516,2014.0,0,0,0
7518,2016.0,0,1,0
7519,2011.0,0,0,2
7520,2008.0,0,0,0
7523,2011.0,0,0,0
7524,2013.0,0,1,2
7525,2008.0,0,0,0
7526,2011.0,0,2,2
7530,2011.0,0,0,2
7531,2014.0,0,0,0
7532,2015.0,0,0,0
7533,2012.0,0,0,0
7537,2012.0,0,0,0
7538,2015.0,0,0,2
7539,2014.0,0,0,0
7541,2014.0,0,0,0
7542,2011.0,0,0,0
7543,2004.0,0,2,2
7544,2016.0,0,2,2
7597,2003.0,0,2,0
7607,2010.0,0,0,2
7608,2014.0,0,1,2
7609,2006.0,0,2,2
7610,2009.0,0,1,2
7611,2014.0,0,1,2
7612,2008.0,0,1,2
7613,2015.0,0,1,2
7614,2003.0,0,0,2
7615,2014.0,0,1,2
7721,2010.0,0,0,0
7722,2006.0,0,0,0
7732,2011.0,0,0,0
7764,2016.0,1,0,2
7806,2013.0,0,1,0
7810,2008.0,0,1,2
7812,2001.0,0,2,1
7823,2008.0,0,0,2
7824,2007.0,0,1,0
7825,2015.0,0,1,0
7826,2011.0,0,0,0
7827,2010.0,0,1,2
7830,2014.0,0,1,0
7831,2013.0,0,1,0
7832,2003.0,0,0,2
7837,1999.0,0,0,2
7838,2005.0,0,0,2
7845,2011.0,0,0,0
7855,2001.0,0,1,2
7861,2000.0,0,0,1
7863,2009.0,0,1,0
7865,2008.0,0,1,2
7866,2011.0,0,1,2
7867,2012.0,0,1,2
7869,2015.0,0,1,2
7870,2009.0,0,1,2
7876,2009.0,0,1,2
7877,2011.0,0,0,0
7886,2014.0,3,1,3
7887,2002.0,0,2,2
7888,2007.0,0,2,2
7889,2011.0,0,0,2
7891,2008.0,3,1,2
7904,2012.0,0,0,2
7906,2015.0,0,1,2
7931,2002.0,0,1,0
7934,2010.0,0,2,0
7942,2004.0,0,2,2
7943,2008.0,0,0,0
7955,2014.0,0,0,0
7956,2010.0,0,0,0
7961,2011.0,0,0,0
7967,2004.0,0,1,0
7968,2010.0,0,0,0
7980,2010.0,0,0,0
7986,2012.0,0,0,0
8010,2012.0,3,1,2
8016,2014.0,0,1,0
8019,2008.0,0,1,2
8041,2006.0,0,2,2
8042,2005.0,0,0,2
8043,2010.0,0,0,2
8044,2007.0,0,1,2
8049,2012.0,0,0,0
8051,2008.0,0,0,0
8056,2012.0,0,1,0
8059,2013.0,0,0,0
8062,2012.0,0,0,0
8063,2012.0,0,2,0
8064,2007.0,0,0,2
8065,2004.0,0,0,0
8087,1985.0,0,0,2
8091,2006.0,0,0,0
8115,2005.0,0,1,0
8117,2013.0,0,1,0
8119,2004.0,0,0,1
8124,2007.0,0,1,2
8135,2013.0,0,1,0
8136,2013.0,0,1,0
8137,2012.0,0,1,3
8140,2006.0,0,1,3
8141,2008.0,0,1,3
8157,2004.0,0,1,2
8169,1978.0,0,2,0
8172,2011.0,0,1,0
8196,2002.0,0,2,2
8201,2010.0,0,2,3
8212,2010.0,0,0,0
8213,2009.0,0,1,0
8215,2012.0,0,1,3
8216,2010.0,0,1,3
8234,2011.0,0,1,0
8238,2007.0,0,0,0
8239,2011.0,0,0,0
8247,2012.0,0,1,0
8255,2008.0,0,1,0
8258,2009.0,0,1,0
8262,2002.0,0,1,0
8264,2013.0,0,1,0
8265,2000.0,0,1,1
8266,2013.0,0,0,0
8272,2012.0,0,1,0
8273,2010.0,0,1,0
8277,2010.0,0,0,0
8283,2006.0,0,0,0
8303,2013.0,0,0,3
8305,2013.0,0,0,3
8306,2004.0,0,0,2
8314,2006.0,0,0,2
8347,2011.0,0,2,0
8348,2014.0,0,2,0
8350,2011.0,0,2,0
8352,2011.0,0,2,0
8353,2006.0,0,2,0
8354,2009.0,0,2,0
8356,2014.0,0,2,0
8357,2008.0,0,2,0
8358,2011.0,0,1,0
8361,2011.0,0,1,0
8362,1993.0,0,2,1
8381,2004.0,0,2,2
8444,2006.0,0,0,0
8446,2005.0,0,1,2
8447,2003.0,0,1,0
8453,2013.0,0,0,0
8505,1993.0,0,1,1
8522,2011.0,0,0,0
8541,2016.0,0,1,0
8546,1972.0,0,2,3
8547,2009.0,0,1,2
8561,2010.0,0,1,2
8564,2005.0,0,1,2
8566,2013.0,0,2,0
8572,2003.0,0,1,0
8583,2007.0,0,1,2
8584,2010.0,0,1,2
8587,2018.0,0,2,0
8591,2008.0,0,0,0
8592,2018.0,0,2,0
8603,2011.0,0,0,2
8605,2013.0,0,1,2
8616,2006.0,0,2,0
8619,2007.0,0,1,2
8620,2010.0,0,1,0
8628,2018.0,0,2,0
8632,2011.0,0,1,0
8634,2007.0,0,0,2
8635,2008.0,0,1,2
8636,2008.0,0,0,0
8637,2006.0,0,1,2
8643,2009.0,0,1,2
8644,2016.0,0,0,2
8665,2011.0,0,1,0
8671,2001.0,0,0,2
8731,2018.0,0,2,0
8732,2016.0,0,1,0
8736,1987.0,0,2,0
8737,2019.0,0,2,0
8738,2018.0,0,2,0
8739,2018.0,0,2,0
8771,2007.0,0,2,0
8772,1978.0,0,1,2
8775,2004.0,0,2,0
8785,2009.0,0,1,2
8819,2015.0,0,0,0
8820,2012.0,0,0,3
8821,2015.0,0,0,3
8822,2011.0,0,2,3
8824,2011.0,0,1,3
8825,2004.0,0,0,0
8826,2011.0,0,0,0
8827,2008.0,0,0,3
8828,2012.0,0,2,3
8835,2015.0,0,1,0
8836,2016.0,0,2,0
8848,2016.0,0,2,0
8877,2009.0,0,1,2
8878,2005.0,0,2,2
8880,2010.0,0,0,0
8887,2003.0,0,1,0
8926,2014.0,0,0,0
8928,2008.0,0,0,0
8933,2005.0,0,0,2
8955,2016.0,0,1,0
8958,2018.0,0,2,0
8964,2017.0,0,1,0
8965,2018.0,0,1,0
8966,2018.0,0,2,0
8967,2006.0,4,2,2
8997,2010.0,0,0,3
9000,2009.0,0,1,0
9004,2012.0,0,0,0
9035,2009.0,0,2,3
9070,2004.0,0,0,0
9072,2007.0,0,0,1
9082,2018.0,1,1,3
9083,2013.0,0,0,0
9091,2007.0,0,0,0
9101,1999.0,0,0,0
9107,1973.0,0,2,0
9110,2006.0,0,0,0
9113,2004.0,0,1,2
9114,2003.0,0,2,1
9115,2001.0,0,1,0
9116,2008.0,0,0,0
9126,2015.0,0,0,2
9139,2011.0,0,0,0
9145,2017.0,0,2,3
9157,2016.0,0,0,0
9159,2012.0,0,1,0
9160,2019.0,0,0,0
9163,2004.0,0,2,0
9165,2011.0,0,1,2
9166,2014.0,0,1,3
9173,1984.0,0,2,0
9191,2001.0,0,2,2
9196,2008.0,0,1,0
9211,2004.0,0,2,0
9233,2014.0,0,2,0
9236,2010.0,0,2,0
9239,2012.0,0,1,0
9240,2010.0,0,1,3
9241,2005.0,0,0,0
9242,2014.0,0,2,0
9244,2014.0,0,1,0
9245,2008.0,0,1,0
9252,2011.0,0,0,3
9255,2016.0,0,2,0
9309,1974.0,0,2,2
9314,2014.0,0,1,0
9316,2016.0,0,1,2
9317,2015.0,0,1,2
9318,2014.0,0,1,2
9319,2015.0,0,1,2
9322,2016.0,0,1,2
9323,2013.0,0,2,2
9324,2017.0,0,1,2
9326,2017.0,0,0,2
9327,2013.0,0,1,2
9328,2014.0,0,2,2
9332,2015.0,0,1,2
9334,2006.0,0,1,2
9359,2018.0,0,0,0
9360,2010.0,0,1,1
9361,2012.0,0,0,0
9367,2007.0,0,0,2
9378,2009.0,0,2,0
9380,2009.0,0,1,2
9383,2012.0,0,0,0
9385,2011.0,0,0,0
9386,2010.0,0,1,0
9388,2007.0,0,1,2
9422,2013.0,0,1,2
9423,2015.0,0,1,0
9425,2005.0,0,2,2
9429,2011.0,0,1,0
9430,2012.0,0,0,0
9436,2016.0,0,2,0
9469,2010.0,0,1,0
9481,2018.0,0,0,0
9487,2014.0,0,1,0
9500,2014.0,3,1,3
9511,2007.0,0,0,2
9535,2013.0,0,1,2
9550,1990.0,0,0,2
9619,2006.0,0,1,0
9633,1997.0,0,2,1
9644,2008.0,0,1,0
9655,2014.0,0,0,0
9661,2015.0,1,2,3
9666,2016.0,0,1,0
9669,2010.0,0,0,2
9673,2016.0,0,1,2
9678,2013.0,0,0,0
9690,2003.0,0,2,0
9740,2008.0,0,1,0
9744,2005.0,0,1,0
9808,2010.0,0,1,2
9838,2007.0,0,0,0
9851,1998.0,0,0,0
9879,2011.0,0,2,2
9880,2013.0,0,1,2
9887,2011.0,0,1,2
9889,2006.0,0,2,2
9892,2002.0,0,0,2
9924,2016.0,1,1,2
9954,2012.0,1,2,2
9960,2012.0,1,0,3
10139,2001.0,0,2,0
10176,2002.0,0,2,5
10272,1929.0,0,2,0
10403,2017.0,1,1,3
10432,1917.0,0,2,2
10450,2018.0,0,2,0
10452,2018.0,0,2,3
10453,2018.0,0,2,0
10457,2018.0,0,1,3
10459,2019.0,0,2,3
10460,2016.0,0,1,0
10462,2019.0,0,2,3
10463,2019.0,0,2,0
10464,2019.0,0,2,0
10465,2017.0,0,2,0
10466,2018.0,1,0,0
10479,2013.0,0,2,3
10480,2012.0,3,1,0
10482,2018.0,0,1,0
10498,2019.0,0,2,0
10503,2002.0,0,1,2
10505,2009.0,0,1,2
10506,2007.0,0,2,3
10507,2010.0,0,1,3
10508,2016.0,0,0,3
10510,2010.0,0,0,3
10511,2011.0,0,1,0
10514,2010.0,0,1,3
10515,2014.0,0,1,3
10573,2010.0,0,0,0
10582,2007.0,0,1,0
10610,2007.0,0,1,0
10613,2006.0,0,0,0
10644,2003.0,0,1,2
10651,2011.0,0,1,2
10653,2006.0,0,0,0
10664,2011.0,0,0,0
10673,2016.0,0,0,0
10676,2010.0,0,1,0
10695,2016.0,0,0,3
10740,2010.0,0,1,2
10783,1990.0,0,2,1
10798,2008.0,0,1,2
10799,2011.0,0,0,2
10800,2013.0,0,1,0
10803,2006.0,0,1,2
10804,2011.0,0,0,0
10805,2001.0,0,2,0
10809,2008.0,0,1,2
10813,2007.0,0,0,2
10814,2007.0,0,1,2
10820,2008.0,0,0,0
10821,2014.0,0,0,2
10825,2009.0,0,1,2
10826,2015.0,0,1,0
10832,1997.0,0,2,0
10836,2013.0,0,1,2
10837,2007.0,0,0,2
10838,2016.0,0,0,2
10843,2003.0,0,0,0
10870,2006.0,0,2,2
10874,2010.0,0,1,2
10877,2009.0,0,1,0
10977,2005.0,0,1,0
10998,2008.0,0,0,0
10999,2012.0,0,0,0
11004,2006.0,0,1,2
11006,2013.0,0,1,2
11015,2013.0,0,1,2
11016,2008.0,0,1,2
11020,2003.0,0,2,2
11023,2003.0,0,0,0
11033,2005.0,1,0,2
11034,2004.0,0,1,2
11057,2013.0,0,1,0
11058,2008.0,0,0,0
11075,2009.0,0,1,2
11077,2010.0,0,1,2
11108,2019.0,0,2,0
11123,2011.0,0,2,0
11167,2013.0,0,1,0
11169,2008.0,0,1,2
11174,2002.0,0,1,2
11178,2018.0,0,2,0
11182,2005.0,0,0,0
11184,2003.0,0,2,2
11185,2006.0,0,0,2
11189,2008.0,0,0,2
11190,2004.0,0,1,2
11199,2007.0,0,0,0
11206,2011.0,0,0,2
11207,2006.0,0,1,2
11214,2011.0,0,1,0
11215,2008.0,0,0,0
11233,2013.0,0,1,2
11234,2008.0,0,0,0
11245,2018.0,0,0,0
11246,2003.0,0,0,0
11249,2010.0,0,1,0
11263,2016.0,0,1,2
11265,2015.0,0,1,0
11266,2008.0,0,0,2
11278,2004.0,0,1,2
11293,2001.0,0,1,2
11298,2000.0,0,2,0
11301,2011.0,0,0,0
11345,2008.0,0,1,0
11349,1966.0,0,2,0
11387,2004.0,0,1,2
11392,2016.0,3,1,0
11430,2014.0,1,0,0
11441,2006.0,0,0,2
11443,2010.0,0,1,0
11445,2007.0,0,1,2
11448,2009.0,0,1,0
11452,2014.0,0,0,0
11484,2013.0,0,1,0
11488,2006.0,0,1,0
11489,2010.0,0,0,0
11498,2016.0,0,1,3
11510,2001.0,0,0,2
11554,2013.0,0,2,0
11563,2008.0,0,0,0
11566,2006.0,0,0,2
11567,2005.0,0,2,0
11571,2009.0,0,0,0
11583,2002.0,0,1,0
11584,2006.0,0,0,0
11589,2005.0,0,0,1
11590,2007.0,0,2,0
11597,2011.0,0,2,0
11601,2014.0,0,0,2
11606,2006.0,0,0,2
11608,2010.0,0,1,2
11616,2001.0,0,0,0
11618,2005.0,0,1,2
11620,2010.0,0,1,2
11632,2006.0,0,0,2
11635,2008.0,0,1,2
11652,2003.0,0,2,2
11655,2012.0,0,1,0
11669,2011.0,0,0,0
11676,2005.0,0,1,0
11715,2008.0,0,0,0
11717,2010.0,0,1,0
11718,2015.0,0,1,0
11722,2005.0,0,0,3
11739,2016.0,0,0,0
11784,2017.0,0,2,3
11823,1992.0,0,0,1
11830,2009.0,0,0,2
11926,2018.0,0,0,0
11945,2008.0,0,2,0
11949,2015.0,0,0,3
11964,2013.0,0,1,0
11968,2003.0,0,1,2
12056,2003.0,0,2,2
12071,2017.0,0,2,3
12077,2019.0,0,0,0
12084,2018.0,0,0,0
12088,2018.0,0,0,0
12089,1996.0,0,0,2
12118,2006.0,0,1,2
12129,2005.0,0,1,0
12153,2015.0,0,1,0
12182,2008.0,0,0,0
12186,2010.0,0,1,0
12218,2001.0,0,1,2
12221,2003.0,0,0,2
12222,2004.0,0,0,2
12227,2018.0,0,1,4
12237,2012.0,0,1,0
12244,2005.0,0,2,2
12254,2015.0,0,1,0
12256,1994.0,0,2,2
12297,2009.0,0,2,0
12328,2007.0,0,1,2
12334,1985.0,0,2,1
12335,2004.0,0,0,1
12337,2007.0,0,0,1
12344,2007.0,0,1,1
12354,2006.0,0,0,0
12372,2001.0,0,1,2
12403,2001.0,0,1,2
12404,2012.0,0,0,0
12412,2007.0,0,2,0
12434,2008.0,0,0,3
12437,2008.0,0,1,0
12439,2004.0,0,0,2
12452,2007.0,3,0,2
12475,2004.0,0,0,0
12477,2013.0,0,0,0
12479,2012.0,0,1,0
12480,1999.0,0,1,0
12483,2012.0,0,2,2
12488,2000.0,0,1,2
12490,2000.0,0,0,0
12496,2011.0,0,2,2
12506,2007.0,0,1,0
12515,2017.0,0,1,0
12516,2016.0,0,1,0
12517,2012.0,0,2,0
12518,2015.0,0,0,0
12519,2017.0,0,0,0
12520,2014.0,0,2,0
12521,2017.0,0,1,0
12522,2018.0,0,0,0
12523,2010.0,0,0,0
12524,2013.0,0,1,0
12525,2010.0,0,1,0
12538,2004.0,0,2,1
12554,2008.0,0,2,2
12558,2007.0,0,2,0
12595,2011.0,0,1,0
12614,2009.0,0,2,0
12633,2010.0,0,1,0
12641,2004.0,0,2,2
12647,2004.0,0,1,0
12653,2010.0,0,1,0
12654,2015.0,0,1,0
12686,2004.0,0,1,3
12689,2005.0,0,2,2
12690,2015.0,0,1,0
12730,2007.0,0,0,2
12731,1965.0,0,2,2
12741,2001.0,0,2,0
12752,2016.0,0,0,3
12756,2003.0,0,1,1
12769,2005.0,0,2,2
12786,2001.0,0,0,2
12809,2011.0,0,1,0
12833,2006.0,0,2,2
12852,2006.0,0,2,2
12856,2003.0,0,1,1
12859,2011.0,0,1,0
12860,2001.0,0,2,2
12861,2015.0,0,2,0
12866,2005.0,0,2,0
12875,2005.0,0,1,2
12878,2012.0,0,2,0
12880,2016.0,0,2,0
12881,2011.0,0,2,0
12882,2016.0,0,1,3
12886,2008.0,0,0,0
12888,2014.0,0,0,0
12889,2015.0,0,2,2
12904,2015.0,0,1,0
12938,2006.0,3,0,3
13002,2001.0,0,0,2
13012,2001.0,0,0,2
13013,2011.0,0,0,2
13014,2010.0,0,2,2
13016,2006.0,0,0,2
13018,2011.0,0,0,2
13019,2012.0,0,2,2
13021,2001.0,0,0,2
13022,2006.0,0,2,2
13023,2012.0,0,2,2
13025,2015.0,0,0,2
13028,2006.0,0,2,2
13030,2006.0,0,2,2
13032,2012.0,0,2,2
13033,2011.0,0,0,2
13034,2008.0,0,2,2
13035,2016.0,0,2,2
13040,2008.0,0,0,2
13123,2002.0,0,0,2
13134,2016.0,0,0,0
13145,2004.0,0,1,0
13147,1993.0,0,2,1
13153,2006.0,0,2,0
13162,2006.0,0,1,0
13163,2001.0,0,2,2
13164,2009.0,0,0,3
13165,2005.0,0,2,2
13190,2003.0,0,1,0
13252,2013.0,0,0,1
13253,2002.0,0,1,2
13282,2008.0,0,0,0
13283,2010.0,0,0,0
13284,2013.0,0,0,0
13285,2004.0,0,0,0
13288,2004.0,0,1,0
13335,2005.0,0,0,1
13338,2012.0,0,1,2
13354,2016.0,0,1,3
13368,2007.0,0,1,3
13390,2015.0,0,0,3
13392,2012.0,0,0,3
13395,2013.0,0,0,3
13397,2008.0,0,1,2
13398,2012.0,0,2,3
13400,2007.0,0,0,0
13408,2009.0,0,0,2
13410,2011.0,0,0,0
13423,2011.0,0,1,0
13429,2014.0,0,0,0
13432,2007.0,0,1,0
13433,2015.0,0,1,0
13436,2014.0,0,0,0
13448,2016.0,0,1,2
13453,2009.0,0,2,2
13455,2007.0,0,2,2
13457,2006.0,0,2,2
13458,2015.0,0,1,0
13463,2012.0,0,1,0
13468,2017.0,0,1,0
13469,2005.0,0,1,0
13473,2012.0,0,1,1
13484,2002.0,0,0,3
13485,2008.0,0,2,3
13487,2003.0,0,1,3
13488,2010.0,0,1,3
13489,2007.0,0,0,3
13490,2010.0,0,1,3
13491,2009.0,0,1,3
13492,2006.0,0,1,3
13495,2006.0,0,1,3
13497,2003.0,0,1,3
13498,2011.0,0,1,3
13499,2006.0,0,1,3
13500,2016.0,0,0,0
13502,2003.0,0,0,3
13503,2009.0,0,1,3
13504,2004.0,0,1,3
13512,2010.0,0,0,0
13517,2015.0,0,0,0
13532,2006.0,0,0,2
13566,2005.0,0,0,1
13567,2015.0,0,1,0
13574,2008.0,0,1,0
13583,1997.0,0,0,2
13638,2011.0,0,0,0
13679,2000.0,0,0,0
13680,2006.0,0,0,0
13689,2002.0,0,2,1
13717,2011.0,0,2,3
13718,2017.0,0,1,0
13721,2012.0,0,2,3
13726,2009.0,0,1,1
13730,2006.0,0,0,0
13736,2013.0,0,0,0
13805,2004.0,0,2,0
13855,2012.0,0,1,0
13877,2013.0,0,1,0
13899,2008.0,0,0,0
13901,1996.0,0,2,2
13964,2007.0,0,0,2
13989,2001.0,0,0,1
14001,2012.0,0,2,2
14023,2001.0,0,0,2
14029,2010.0,0,1,0
14046,2000.0,0,0,0
14051,2006.0,0,2,2
14052,2015.0,0,0,2
14055,2012.0,0,0,2
14056,2003.0,0,2,2
14062,2013.0,0,2,2
14063,2000.0,0,0,2
14065,2014.0,0,2,2
14066,2006.0,0,2,2
14069,2004.0,0,0,2
14070,2015.0,0,2,2
14072,2007.0,0,2,2
14073,2012.0,0,0,2
14074,2015.0,0,2,2
14076,2015.0,0,2,2
14077,2015.0,0,2,2
14078,2005.0,0,2,2
14079,2004.0,0,2,2
14080,2006.0,0,0,2
14081,2004.0,0,2,2
14082,2014.0,0,2,0
14137,2011.0,0,1,3
14160,2008.0,0,1,2
14205,2006.0,0,1,2
14226,2018.0,0,0,3
14234,2009.0,0,1,0
14241,2017.0,0,1,0
14253,2013.0,0,1,3
14258,1998.0,0,0,0
14261,2009.0,0,0,0
14264,2012.0,0,0,0
14265,2012.0,0,1,0
14266,2012.0,0,0,0
14267,2014.0,0,0,0
14269,2010.0,0,0,0
14274,1995.0,0,2,2
14275,2014.0,1,1,2
14282,2003.0,0,0,0
14284,2013.0,0,0,0
14286,2009.0,0,2,0
14288,2018.0,0,0,0
14289,2008.0,0,0,0
14292,2002.0,0,1,0
14293,2011.0,0,0,0
14295,2004.0,0,1,2
14296,2016.0,0,1,0
14361,2012.0,0,0,0
14363,2013.0,0,0,0
14364,2014.0,0,0,0
14365,2015.0,0,0,0
14371,2013.0,0,2,0
14372,2016.0,0,2,0
14380,2019.0,0,2,4
14388,2014.0,0,0,3
14406,2003.0,0,0,2
14417,2012.0,0,1,0
14428,2016.0,0,0,0
14434,2006.0,0,0,1
14443,2010.0,0,0,0
14457,2009.0,0,1,0
14474,2012.0,3,2,0
14481,2016.0,3,1,0
14483,2007.0,0,1,0
14484,2015.0,3,1,0
14485,2013.0,3,1,0
14486,2016.0,3,1,0
14487,2013.0,3,1,0
14488,2009.0,0,0,0
14492,2003.0,0,0,2
14493,2003.0,0,0,2
14497,2003.0,0,0,1
14508,2007.0,0,1,2
14514,2011.0,0,0,0
14515,2008.0,0,0,2
14522,2006.0,0,0,0
14524,2010.0,0,2,0
14533,2008.0,0,0,2
14540,2007.0,0,0,2
14541,2007.0,0,0,2
14543,2000.0,0,1,0
14550,2007.0,0,0,0
14551,2009.0,0,0,0
14553,2010.0,0,2,0
14555,2007.0,0,0,2
14579,2007.0,0,0,0
14582,2010.0,0,0,0
14585,2009.0,0,1,0
14590,2012.0,0,0,0
14591,2013.0,0,0,0
14593,2014.0,0,0,0
14595,2015.0,0,0,0
14612,2007.0,0,1,2
14620,2004.0,0,2,1
14626,2009.0,0,2,0
14627,2017.0,0,0,0
14634,2016.0,0,1,0
14636,2002.0,0,0,0
14637,2018.0,0,0,0
14638,2013.0,0,0,0
14639,2019.0,0,0,0
14660,2006.0,0,2,2
14691,2006.0,0,0,0
14693,2015.0,0,0,0
14730,2008.0,0,0,2
14731,2007.0,0,0,2
14754,2017.0,0,1,3
14763,1932.0,0,2,0
14800,2013.0,0,0,0
14810,2013.0,0,1,2
14829,2003.0,0,0,2
14832,2007.0,0,0,0
14836,2011.0,0,1,0
14844,2010.0,0,0,0
14849,2010.0,0,1,0
14850,2013.0,0,1,0
14851,2002.0,0,2,0
14852,2011.0,0,1,0
14866,2014.0,0,1,0
14867,2014.0,0,1,0
14868,2013.0,0,1,0
14869,2006.0,0,0,2
14870,2013.0,0,1,0
14871,2014.0,0,0,0
14873,2009.0,0,0,3
14888,2009.0,0,1,2
14896,2010.0,0,0,0
14901,2006.0,0,0,0
14910,2013.0,0,0,3
14929,2012.0,0,2,0
14948,2011.0,0,0,0
14956,2009.0,0,0,0
14958,2010.0,0,2,0
14961,2007.0,0,0,2
14963,2011.0,0,0,0
14964,2008.0,0,0,2
14965,2010.0,0,2,0
14966,2008.0,0,0,2
14967,2007.0,0,0,0
14968,2007.0,0,0,2
14969,2007.0,0,0,2
14982,2013.0,0,2,2
14992,2010.0,0,1,2
14993,2006.0,0,0,2
14995,2016.0,0,0,2
14996,2007.0,0,0,2
15001,2014.0,0,2,2
15002,2010.0,0,2,2
15009,2006.0,0,0,2
15013,2008.0,0,0,2
15014,2009.0,0,2,2
15018,2013.0,0,0,2
15021,2007.0,0,0,2
15024,2007.0,0,2,2
15031,2013.0,0,0,0
15033,2013.0,0,1,0
15045,2011.0,0,1,0
15078,2006.0,0,1,2
15091,1998.0,0,1,2
15092,2011.0,0,1,0
15095,2008.0,0,0,2
15127,2009.0,0,1,0
15129,2010.0,0,0,0
15133,2008.0,0,1,0
15134,2008.0,0,0,0
15138,2007.0,0,2,2
15161,2013.0,0,0,0
15163,2015.0,0,1,0
15164,2013.0,0,2,0
15166,2012.0,0,1,0
15167,2005.0,0,1,0
15168,2006.0,0,2,0
15169,2008.0,0,2,0
15170,2009.0,0,1,0
15174,2009.0,0,0,0
15180,2012.0,0,0,2
15203,2016.0,0,1,0
15216,2000.0,0,0,2
15217,2008.0,0,1,2
15218,2008.0,0,1,0
15220,2009.0,0,0,0
15238,2014.0,3,0,0
15243,2012.0,3,1,0
15245,2012.0,3,2,0
15246,2012.0,3,1,2
15247,2009.0,0,1,0
15248,2010.0,0,0,0
15249,2007.0,0,0,0
15250,2008.0,0,0,0
15251,2009.0,3,1,0
15252,2007.0,0,0,0
15253,2008.0,3,1,0
15254,2015.0,3,1,0
15255,2011.0,3,0,0
15256,2014.0,3,0,0
15263,2010.0,0,2,2
15264,2003.0,0,2,2
15295,2018.0,0,2,3
15326,2011.0,0,0,0
15342,2017.0,1,1,0
15348,2004.0,0,1,0
15349,2007.0,0,0,0
15350,2010.0,0,2,0
15378,2003.0,0,0,0
15383,2010.0,0,0,0
15393,2002.0,0,0,1
15409,2002.0,0,2,0
15416,2005.0,0,1,0
15419,2001.0,0,2,2
15430,2004.0,0,1,0
15449,2012.0,0,1,2
15450,2002.0,0,0,0
15451,2012.0,0,1,0
15452,2008.0,0,1,0
15453,2008.0,0,0,2
15454,2012.0,0,1,0
15456,2018.0,0,0,0
15471,2003.0,0,2,2
15472,2001.0,0,2,2
15480,2002.0,0,1,0
15481,2013.0,0,0,0
15494,2010.0,0,2,0
15500,2005.0,0,1,2
15502,2009.0,0,1,2
15505,2013.0,0,1,0
15506,2000.0,0,2,2
15533,2009.0,0,0,0
15534,2014.0,3,0,0
15536,1997.0,0,1,2
15543,2014.0,0,1,2
15556,2012.0,0,0,0
15557,2012.0,0,2,0
15558,2011.0,0,2,0
15559,2014.0,0,0,0
15560,2012.0,0,1,0
15561,2012.0,0,1,0
15562,2005.0,0,0,2
15563,2010.0,0,0,0
15564,2010.0,0,0,0
15565,2013.0,0,1,0
15567,2011.0,0,1,0
15568,2013.0,0,1,0
15569,2007.0,0,0,0
15573,2002.0,0,1,1
15578,2013.0,0,2,0
15584,2011.0,0,0,0
15593,2000.0,0,0,2
15602,2011.0,0,0,0
15610,2001.0,0,2,2
15621,2007.0,0,0,2
15623,2007.0,0,2,2
15627,2004.0,0,1,0
15628,2010.0,0,0,0
15631,2010.0,0,0,2
15640,2008.0,0,0,2
15641,2011.0,0,0,2
15642,2006.0,0,1,2
15643,2007.0,0,2,2
15649,2014.0,0,1,3
15652,2015.0,0,0,0
15662,2008.0,0,0,2
15682,2010.0,0,2,0
15693,2008.0,0,0,2
15696,2010.0,0,0,0
15703,2011.0,0,0,0
15704,2007.0,0,0,0
15705,2007.0,0,0,2
15706,2007.0,0,0,2
15714,2004.0,0,0,0
15715,2010.0,0,1,0
15722,2010.0,0,0,0
15731,2012.0,0,0,0
15738,2010.0,0,1,2
15741,2012.0,0,1,0
15751,2010.0,0,0,3
15759,2006.0,0,1,0
15760,2010.0,0,1,0
15762,2004.0,0,0,0
15774,2009.0,0,2,0
15784,2010.0,0,1,0
15790,2011.0,0,1,0
15817,2019.0,0,0,0
15820,2015.0,0,0,0
15824,2013.0,0,2,0
15835,1953.0,2,2,1
15850,2016.0,3,1,0
15851,2012.0,0,0,0
15860,2015.0,3,1,0
15862,2015.0,3,0,0
15863,2016.0,3,1,0
15873,2014.0,0,0,0
15881,2013.0,0,0,0
15890,2012.0,0,2,0
15912,2015.0,0,0,0
15916,2015.0,0,0,0
15925,2015.0,0,0,0
15936,2015.0,0,0,0
15943,2015.0,1,0,3
15961,2015.0,0,0,0
15963,2006.0,0,2,2
15964,2014.0,0,2,2
15965,2008.0,0,0,2
15966,2015.0,0,0,2
15970,2011.0,0,0,0
15973,2015.0,0,0,0
15978,2002.0,0,1,0
15980,2015.0,0,0,0
15993,2015.0,0,0,0
16002,2010.0,0,0,0
16004,2017.0,1,1,3
16007,2014.0,0,0,3
16010,2015.0,0,0,0
16017,2015.0,0,0,0
16018,2001.0,0,1,2
16021,2011.0,0,2,2
16022,2012.0,0,0,2
16023,2013.0,0,0,2
16033,2016.0,0,2,0
16034,2008.0,0,0,0
16035,2010.0,0,0,0
16036,1997.0,0,2,0
16037,2012.0,0,0,0
16039,2011.0,0,1,0
16049,2015.0,0,1,0
16059,2008.0,0,1,0
16074,2009.0,0,1,0
16084,2011.0,0,0,0
16086,2011.0,0,0,0
16087,2013.0,0,1,0
16092,2014.0,0,1,0
16095,2014.0,0,0,0
16096,2009.0,0,0,0
16097,2004.0,0,0,0
16099,2002.0,0,1,0
16100,2005.0,0,0,0
16101,2001.0,0,0,0
16108,2013.0,0,0,0
16112,2015.0,0,0,0
16114,2015.0,0,0,3
16136,2007.0,0,0,0
16137,2006.0,0,1,0
16138,2010.0,0,0,0
16139,2016.0,0,1,0
16141,2010.0,0,0,0
16142,2016.0,0,0,3
16146,2011.0,0,0,0
16147,2004.0,0,0,0
16149,2011.0,0,0,0
16150,2005.0,0,0,0
16151,2013.0,0,0,0
16153,2007.0,0,0,0
16154,2004.0,0,1,0
16163,2014.0,0,0,0
16164,2008.0,0,0,0
16165,1994.0,0,2,2
16166,2005.0,0,1,0
16170,2013.0,0,1,0
16173,2013.0,0,0,0
16175,2009.0,0,0,0
16181,2011.0,0,0,0
16182,2012.0,0,0,0
16183,2010.0,0,1,3
16184,1999.0,0,0,2
16185,2010.0,0,0,0
16186,2015.0,0,1,0
16191,2014.0,0,0,0
16192,2010.0,0,1,0
16193,2011.0,0,0,0
16196,2011.0,0,0,2
16197,2004.0,0,1,2
16202,2004.0,0,0,0
16203,2003.0,0,0,0
16204,2005.0,0,0,0
16210,2002.0,0,2,0
16211,2008.0,0,0,0
16225,2011.0,1,2,3
16227,2012.0,0,1,0
16228,2011.0,0,0,0
16229,2013.0,0,0,0
16231,2007.0,0,0,0
16232,2013.0,0,0,0
16233,2014.0,0,0,0
16238,1986.0,0,0,2
16239,1997.0,0,0,0
16241,2010.0,0,0,0
16242,2009.0,0,0,0
16243,2010.0,0,1,0
16244,2014.0,0,0,0
16245,2012.0,0,1,0
16247,2015.0,0,2,3
16248,2012.0,0,0,0
16249,2008.0,0,1,0
16253,2007.0,0,0,0
16255,2012.0,0,0,0
16267,2010.0,0,0,0
16268,2008.0,0,0,0
16269,2014.0,0,0,0
16270,2009.0,0,1,0
16271,2009.0,0,2,3
16274,2006.0,0,0,0
16275,2003.0,0,0,0
16276,2012.0,0,0,0
16277,2013.0,0,0,2
16281,2011.0,0,1,0
16283,2017.0,0,0,0
16284,2016.0,0,0,0
16301,2012.0,0,0,0
16302,2009.0,0,1,0
16303,2008.0,0,1,0
16304,2011.0,0,1,0
16307,2011.0,0,0,0
16308,2015.0,0,0,0
16309,2002.0,0,1,0
16313,2016.0,0,0,0
16315,2017.0,0,0,0
16317,2016.0,0,1,0
16326,2005.0,0,0,0
16337,2012.0,0,0,0
16338,2010.0,0,0,0
16340,2009.0,0,1,0
16342,2017.0,0,0,0
16343,2015.0,0,0,0
16344,2014.0,0,0,0
16347,2002.0,0,0,0
16348,2005.0,0,0,0
16349,2007.0,0,0,0
16356,2006.0,0,2,0
16357,2016.0,0,0,0
16358,2011.0,0,0,0
16359,2008.0,0,1,2
16360,2010.0,0,1,0
16362,2011.0,0,0,0
16364,2011.0,0,0,0
16365,1997.0,0,2,0
16368,2006.0,0,0,0
16369,2006.0,0,1,0
16370,2004.0,0,0,0
16372,2013.0,0,0,0
16373,2013.0,0,1,0
16374,2016.0,0,1,3
16376,2001.0,0,0,0
16379,2014.0,0,0,3
16380,2014.0,0,0,0
16383,2009.0,0,0,0
16384,2016.0,0,2,0
16385,2015.0,0,1,0
16387,2014.0,0,0,0
16388,2004.0,0,0,0
16390,2007.0,0,0,0
16391,2012.0,0,1,0
16392,2008.0,0,0,0
16393,2017.0,0,0,0
16394,2016.0,0,0,0
16396,2014.0,0,0,0
16403,2011.0,0,0,2
16405,2010.0,0,0,0
16408,2009.0,0,1,0
16409,2004.0,0,1,0
16414,2016.0,0,0,0
16432,2009.0,0,0,0
16433,2010.0,0,1,0
16434,2014.0,0,0,0
16435,2012.0,0,1,0
16438,2005.0,0,1,0
16441,2011.0,0,0,0
16454,2004.0,0,1,2
16457,2012.0,0,0,0
16464,2008.0,0,0,0
16465,2007.0,0,1,0
16469,2012.0,0,1,0
16473,2002.0,0,2,0
16477,2015.0,0,2,3
16478,2013.0,0,1,0
16481,2007.0,0,0,0
16482,1969.0,0,2,1
16483,2009.0,0,1,0
16484,2016.0,0,1,0
16486,2011.0,0,1,0
16488,2009.0,0,2,3
16496,2017.0,0,0,0
16506,2013.0,0,0,0
16510,2003.0,0,0,0
16514,2011.0,0,0,0
16525,2006.0,0,0,0
16539,1968.0,0,0,2
16540,2005.0,0,0,0
16541,2007.0,0,0,0
16550,2009.0,0,1,0
16554,2007.0,0,2,0
16555,2012.0,0,0,0
16557,2010.0,0,0,0
16560,2004.0,0,0,0
16566,2012.0,0,0,0
16569,2011.0,0,1,0
16570,1997.0,0,2,0
16589,2010.0,0,1,0
16602,1987.0,0,0,2
16608,2015.0,0,2,0
16618,2002.0,0,1,2
16645,2014.0,0,1,2
16655,2006.0,0,1,2
16677,2006.0,0,1,2
16698,2008.0,0,0,2
16700,2008.0,0,1,0
16701,2008.0,0,1,0
16702,2005.0,0,0,0
16704,2006.0,0,1,2
16707,2004.0,0,0,0
16708,2008.0,0,2,2
16768,2006.0,0,1,0
16777,1994.0,0,0,2
16856,2015.0,0,1,3
16965,2004.0,0,2,2
16967,2006.0,0,2,2
16968,2004.0,0,0,0
16969,2008.0,3,0,2
16970,2007.0,0,0,0
16975,2010.0,0,1,2
17017,2013.0,0,2,3
17034,2003.0,0,0,2
17049,1997.0,0,1,2
17100,2002.0,0,1,2
17106,1988.0,0,0,1
17136,2001.0,0,2,2
17137,2010.0,0,1,0
17192,2007.0,3,1,2
17193,2017.0,0,0,3
17194,2012.0,0,1,0
17196,2014.0,0,0,0
17204,2015.0,0,2,3
17205,2013.0,0,1,0
17206,2016.0,0,0,0
17207,2015.0,0,0,0
17208,2012.0,0,0,0
17209,2007.0,0,0,0
17211,2018.0,0,0,0
17216,2007.0,0,0,0
17227,1988.0,0,2,1
17228,2000.0,0,1,2
17256,1988.0,0,1,1
17266,2001.0,0,0,2
17294,2010.0,0,1,0
17483,2004.0,0,0,2
17495,1971.0,0,2,0
17519,1995.0,0,0,0
17535,2004.0,0,0,1
17546,2010.0,0,2,3
17611,2006.0,0,1,2
17684,1997.0,3,1,2
17758,2016.0,0,0,0
17782,1966.0,0,2,3
17783,1966.0,0,2,3
17787,2005.0,0,2,1
17858,2004.0,0,2,0
17888,2006.0,0,0,2
17889,1994.0,3,2,2
17891,2013.0,0,0,0
17892,1994.0,3,2,2
17906,2018.0,0,2,3
17913,2004.0,3,0,5
17939,2006.0,0,1,2
18077,2005.0,0,0,0
18084,1997.0,0,0,0
18118,2013.0,0,1,0
18120,1988.0,0,2,1
18122,1992.0,0,0,0
18141,2015.0,0,2,3
18143,2016.0,0,1,0
18144,2004.0,0,1,2
18145,2015.0,0,1,0
18147,2005.0,0,0,2
18202,2016.0,0,0,0
18212,2015.0,0,1,0
18249,2010.0,0,2,0
18266,2018.0,0,0,3
18268,2018.0,0,0,3
18299,2012.0,0,1,2
18301,2015.0,0,1,3
18308,2015.0,1,1,0
18330,2017.0,0,0,3
18337,2001.0,0,1,0
18362,2012.0,0,1,0
18386,1993.0,0,1,0
18474,2004.0,0,0,2
18486,1995.0,0,0,0
18522,1986.0,0,0,2
18562,2015.0,0,2,3
18566,2005.0,0,0,3
18569,2012.0,0,1,0
18609,2007.0,0,0,2
18638,2015.0,0,0,3
18647,2013.0,0,1,0
18651,2004.0,0,0,2
18656,2019.0,0,1,3
18664,2007.0,0,0,0
18700,2016.0,0,0,2
18821,2012.0,0,2,0
18832,1998.0,0,1,2
18903,2016.0,0,2,0
18920,2007.0,0,1,0
19042,2012.0,0,1,0
19073,2009.0,0,0,0
19119,2001.0,0,1,1
19148,2007.0,0,1,0
19153,1999.0,0,0,2
19189,1997.0,0,1,0
19193,2007.0,0,2,0
19218,1997.0,0,0,0
19229,2006.0,0,1,2
19231,2014.0,0,1,0
19233,2012.0,0,0,0
19240,2008.0,0,0,0
19263,2008.0,0,1,0
19278,2013.0,0,1,0
19279,2016.0,0,0,0
19280,2015.0,0,0,0
19281,2004.0,0,1,2
19319,2015.0,0,1,0
19332,1997.0,0,1,5
19365,2016.0,0,0,0
19460,2014.0,0,1,0
19467,2001.0,0,0,2
19486,2007.0,0,1,0
19562,2007.0,0,1,0
19593,2011.0,3,0,3
19629,2013.0,0,0,0
19656,2008.0,0,0,2
19719,2006.0,0,2,2
19766,2008.0,0,0,0
19802,2017.0,0,2,0
19822,1979.0,0,2,0
19835,1998.0,0,0,0
19883,1998.0,0,0,2
19890,1990.0,0,2,0
19892,2014.0,3,1,3
19897,2015.0,0,0,5
19907,2006.0,0,1,3
19919,2014.0,0,1,0
19927,2017.0,3,0,3
19944,2019.0,0,1,0
19961,2017.0,3,1,3
